lag,i,sample_size,algorithm,TPR,FDR,SHD
2,4,500,BOSS-LiNGAM,0.333333333,0.9375,17
2,4,500,CD-NOD,0.25,0.5,8
2,4,500,CFCI,0.333333333,0.909090909,12
2,4,500,CPC,0.0,1.0,12
2,4,500,DCD,0.889,0.0,1
2,4,500,PCMCI+,0.25,0.833,8
2,4,1000,BOSS-LiNGAM,0.333333333,0.9375,17
2,4,1000,CD-NOD,0.25,0.5,8
2,4,1000,CFCI,0.333333333,0.9,11
2,4,1000,CPC,0.0,1.0,13
2,4,1000,DCD,0.78,0.125,3
2,4,1000,PCMCI+,0.25,0.75,6
2,4,1500,BOSS-LiNGAM,0.333333333,0.928571429,15
2,4,1500,CD-NOD,0.25,0.5,8
2,4,1500,CFCI,0.333333333,0.9,11
2,4,1500,CPC,0.0,1.0,11
2,4,1500,DCD,0.78,0.125,3
2,4,1500,PCMCI+,0.0,1.0,7
2,6,500,BOSS-LiNGAM,0.25,0.9375,18
2,6,500,CD-NOD,0.181818182,0.6,12
2,6,500,CFCI,0.333333333,0.866666667,17
2,6,500,CPC,0.25,0.916666667,14
2,6,500,DCD,0.769230769,0.285714286,7
2,6,500,PCMCI+,0.166666667,0.875,12
2,6,1000,BOSS-LiNGAM,0.333333333,0.866666667,17
2,6,1000,CD-NOD,0.181818182,0.6,12
2,6,1000,CFCI,0.333333333,0.875,18
2,6,1000,CPC,0.333333333,0.833333333,14
2,6,1000,DCD,0.769230769,0.285714286,7
2,6,1000,PCMCI+,0.166666667,0.857142857,11
2,6,1500,BOSS-LiNGAM,0.5,0.875,16
2,6,1500,CD-NOD,0.181818182,0.6,12
2,6,1500,CFCI,0.5,0.875,16
2,6,1500,CPC,0.25,0.916666667,14
2,6,1500,DCD,0.769230769,0.285714286,7
2,6,1500,PCMCI+,0.0,1.0,7
2,8,500,BOSS-LiNGAM,0.4,0.84,27
2,8,500,CD-NOD,0.285714286,0.6,8
2,8,500,CFCI,0.3,0.863636364,26
2,8,500,CPC,0.2,0.882352941,23
2,8,500,DCD,0.785714286,0.388888889,10
2,8,500,PCMCI+,0.25,0.75,12
2,8,1000,BOSS-LiNGAM,0.25,0.913043478,27
2,8,1000,CD-NOD,0.285714286,0.6,8
2,8,1000,CFCI,0.25,0.875,20
2,8,1000,CPC,0.25,0.846153846,17
2,8,1000,DCD,0.785714286,0.352941176,9
2,8,1000,PCMCI+,0.25,0.75,12
2,8,1500,BOSS-LiNGAM,0.25,0.913043478,27
2,8,1500,CD-NOD,0.285714286,0.6,8
2,8,1500,CFCI,0.25,0.875,20
2,8,1500,CPC,0.25,0.857142857,18
2,8,1500,DCD,0.785714286,0.388888889,10
2,8,1500,PCMCI+,0.25,0.75,12
2,10,500,BOSS-LiNGAM,0.4,0.826086957,25
2,10,500,CD-NOD,0.222222222,0.6,10
2,10,500,CFCI,0.3,0.875,28
2,10,500,CPC,0.2,0.888888889,24
2,10,500,DCD,0.764705882,0.380952381,12
2,10,500,PCMCI+,0.3,0.727272727,15
2,10,1000,BOSS-LiNGAM,0.4,0.84,27
2,10,1000,CD-NOD,0.222222222,0.6,10
2,10,1000,CFCI,0.3,0.863636364,26
2,10,1000,CPC,0.2,0.882352941,23
2,10,1000,DCD,0.764705882,0.380952381,12
2,10,1000,PCMCI+,0.3,0.7,14
2,10,1500,BOSS-LiNGAM,0.4,0.833333333,26
2,10,1500,CD-NOD,0.222222222,0.6,10
2,10,1500,CFCI,0.3,0.863636364,26
2,10,1500,CPC,0.2,0.875,22
2,10,1500,DCD,0.764705882,0.409090909,13
2,10,1500,PCMCI+,0.3,0.7,14
3,4,500,BOSS-LiNGAM,0.222222222,0.9,25
3,4,500,CD-NOD,0.22,0.5,9
3,4,500,CFCI,0.222222222,0.875,21
3,4,500,CPC,0.111111111,0.923076923,20
3,4,500,DCD,0.8,0.11,3
3,4,500,PCMCI+,0.4,0.33,4
3,4,1000,BOSS-LiNGAM,0.222222222,0.909090909,27
3,4,1000,CD-NOD,0.22,0.5,9
3,4,1000,CFCI,0.222222222,0.882352941,22
3,4,1000,CPC,0.111111111,0.933333333,22
3,4,1000,DCD,0.9,0.1,2
3,4,1000,PCMCI+,0.6,0.25,3
3,4,1500,BOSS-LiNGAM,0.222222222,0.888888889,23
3,4,1500,CD-NOD,0.222222222,0.5,9
3,4,1500,CFCI,0.222222222,0.866666667,20
3,4,1500,CPC,0.111111111,0.923076923,20
3,4,1500,DCD,0.8,0.2,4
3,4,1500,PCMCI+,0.333333333,0.5,6
3,6,500,BOSS-LiNGAM,0.333333333,0.9,22
3,6,500,CD-NOD,0.181818182,0.6,12
3,6,500,CFCI,0.333333333,0.882352941,19
3,6,500,CPC,0.166666667,0.923076923,17
3,6,500,DCD,0.769230769,0.411764706,10
3,6,500,PCMCI+,0.166666667,0.9,14
3,6,1000,BOSS-LiNGAM,0.333333333,0.9,22
3,6,1000,CD-NOD,0.181818182,0.6,12
3,6,1000,CFCI,0.333333333,0.882352941,19
3,6,1000,CPC,0.166666667,0.923076923,17
3,6,1000,DCD,0.769230769,0.444444444,11
3,6,1000,PCMCI+,0.166666667,0.9,14
3,6,1500,BOSS-LiNGAM,0.333333333,0.9,22
3,6,1500,CD-NOD,0.181818182,0.6,12
3,6,1500,CFCI,0.333333333,0.882352941,19
3,6,1500,CPC,0.166666667,0.923076923,17
3,6,1500,DCD,0.769230769,0.411764706,10
3,6,1500,PCMCI+,0.333333333,0.846153846,15
3,8,500,BOSS-LiNGAM,0.4,0.882352941,36
3,8,500,CD-NOD,0.285714286,0.6,8
3,8,500,CFCI,0.4,0.857142857,30
3,8,500,CPC,0.2,0.916666667,30
3,8,500,DCD,0.785714286,0.45,12
3,8,500,PCMCI+,0.25,0.818181818,15
3,8,1000,BOSS-LiNGAM,0.25,0.923076923,30
3,8,1000,CD-NOD,0.285714286,0.6,8
3,8,1000,CFCI,0.25,0.888888889,22
3,8,1000,CPC,0.3,0.857142857,25
3,8,1000,DCD,0.785714286,0.476190476,13
3,8,1000,PCMCI+,0.25,0.8,14
3,8,1500,BOSS-LiNGAM,0.25,0.92,29
3,8,1500,CD-NOD,0.285714286,0.6,8
3,8,1500,CFCI,0.25,0.882352941,21
3,8,1500,CPC,0.3,0.823529412,21
3,8,1500,DCD,0.785714286,0.5,14
3,8,1500,PCMCI+,0.25,0.8,14
3,10,500,BOSS-LiNGAM,0.4,0.878787879,35
3,10,500,CD-NOD,0.222222222,0.6,10
3,10,500,CFCI,0.3,0.892857143,32
3,10,500,CPC,0.2,0.913043478,29
3,10,500,DCD,0.764705882,0.458333333,15
3,10,500,PCMCI+,0.3,0.823529412,21
3,10,1000,BOSS-LiNGAM,0.4,0.882352941,36
3,10,1000,CD-NOD,0.222222222,0.6,10
3,10,1000,CFCI,0.4,0.857142857,30
3,10,1000,CPC,0.2,0.916666667,30
3,10,1000,DCD,0.764705882,0.458333333,15
3,10,1000,PCMCI+,0.3,0.823529412,21
3,10,1500,BOSS-LiNGAM,0.5,0.852941176,34
3,10,1500,CD-NOD,0.222222222,0.6,10
3,10,1500,CFCI,0.3,0.896551724,33
3,10,1500,CPC,0.2,0.913043478,29
3,10,1500,DCD,0.764705882,0.48,16
3,10,1500,PCMCI+,0.3,0.823529412,21
4,4,500,BOSS-LiNGAM,0.222222222,0.882352941,22
4,4,500,CD-NOD,0.222222222,0.5,9
4,4,500,CFCI,0.222222222,0.894736842,24
4,4,500,CPC,0.111111111,0.9375,23
4,4,500,DCD,0.8,0.384615385,7
4,4,500,PCMCI+,0.4,0.818181818,12
4,4,1000,BOSS-LiNGAM,0.222222222,0.882352941,22
4,4,1000,CD-NOD,0.222222222,0.5,9
4,4,1000,CFCI,0.222222222,0.894736842,24
4,4,1000,CPC,0.111111111,0.9375,23
4,4,1000,DCD,0.9,0.4,7
4,4,1000,PCMCI+,0.4,0.857142857,15
4,4,1500,BOSS-LiNGAM,0.222222222,0.888888889,23
4,4,1500,CD-NOD,0.222222222,0.5,9
4,4,1500,CFCI,0.222222222,0.882352941,22
4,4,1500,CPC,0.111111111,0.933333333,22
4,4,1500,DCD,0.9,0.4,7
4,4,1500,PCMCI+,0.4,0.857142857,15
4,6,500,BOSS-LiNGAM,0.333333333,0.882352941,19
4,6,500,CD-NOD,0.181818182,0.6,12
4,6,500,CFCI,0.5,0.833333333,18
4,6,500,CPC,0.5,0.823529412,17
4,6,500,DCD,0.769230769,0.545454545,15
4,6,500,PCMCI+,0.166666667,0.928571429,18
4,6,1000,BOSS-LiNGAM,0.222222222,0.882352941,22
4,6,1000,CD-NOD,0.181818182,0.6,12
4,6,1000,CFCI,0.222222222,0.875,21
4,6,1000,CPC,0.111111111,0.9375,23
4,6,1000,DCD,0.769230769,0.545454545,15
4,6,1000,PCMCI+,0.166666667,0.928571429,18
4,6,1500,BOSS-LiNGAM,0.222222222,0.882352941,22
4,6,1500,CD-NOD,0.181818182,0.6,12
4,6,1500,CFCI,0.222222222,0.875,21
4,6,1500,CPC,0.111111111,0.928571429,21
4,6,1500,DCD,0.769230769,0.545454545,15
4,6,1500,PCMCI+,0.333333333,0.875,18
4,8,500,BOSS-LiNGAM,0.4,0.918367347,51
4,8,500,CD-NOD,0.285714286,0.6,8
4,8,500,CFCI,0.3,0.896551724,33
4,8,500,CPC,0.2,0.925925926,33
4,8,500,DCD,0.785714286,0.5,14
4,8,500,PCMCI+,0.25,0.857142857,18
4,8,1000,BOSS-LiNGAM,0.375,0.888888889,29
4,8,1000,CD-NOD,0.285714286,0.6,8
4,8,1000,CFCI,0.25,0.904761905,25
4,8,1000,CPC,0.25,0.913043478,27
4,8,1000,DCD,0.785714286,0.52173913,15
4,8,1000,PCMCI+,0.25,0.857142857,18
4,8,1500,BOSS-LiNGAM,0.25,0.92,29
4,8,1500,CD-NOD,0.285714286,0.6,8
4,8,1500,CFCI,0.375,0.863636364,24
4,8,1500,CPC,0.25,0.916666667,28
4,8,1500,DCD,0.785714286,0.52173913,15
4,8,1500,PCMCI+,0.25,0.857142857,18
4,10,500,BOSS-LiNGAM,0.4,0.913043478,48
4,10,500,CD-NOD,0.222222222,0.6,10
4,10,500,CFCI,0.3,0.903225806,35
4,10,500,CPC,0.2,0.92,31
4,10,500,DCD,0.764705882,0.458333333,15
4,10,500,PCMCI+,0.3,0.823529412,21
4,10,1000,BOSS-LiNGAM,0.4,0.918367347,51
4,10,1000,CD-NOD,0.222222222,0.6,10
4,10,1000,CFCI,0.3,0.896551724,33
4,10,1000,CPC,0.2,0.925925926,33
4,10,1000,DCD,0.764705882,0.458333333,15
4,10,1000,PCMCI+,0.3,0.823529412,21
4,10,1500,BOSS-LiNGAM,0.4,0.918367347,51
4,10,1500,CD-NOD,0.222222222,0.6,10
4,10,1500,CFCI,0.3,0.892857143,32
4,10,1500,CPC,0.2,0.928571429,34
4,10,1500,DCD,0.764705882,0.48,16
4,10,1500,PCMCI+,0.3,0.823529412,21
